date,AAPL,AMZN,GOOGL,FB,GM,AMD,MSFT,MCD,MMM,SHLD,WMT,INTC
2018-03-27,168.34,168.34,1497.05,1006.94,152.19,34.87,10.0,89.47,157.48,235.57,2.5,86.05
2018-03-26,172.77,172.77,1555.86,1054.09,160.06,35.99,10.44,93.78,158.01,233.66,2.33,87.5
2018-03-23,164.94,164.94,1495.56,1026.55,159.39,35.17,10.63,87.18,154.98,232.81,2.18,85.42
2018-03-22,168.845,168.845,1544.1,1053.15,164.89,36.35,10.91,89.79,157.04,230.37,2.3,87.14
2018-03-21,171.27,171.27,1581.86,1094.0,169.39,37.58,11.26,92.48,158.66,231.34,2.32,88.18
2018-03-20,175.24,175.24,1586.51,1095.8,168.15,36.89,11.11,93.13,159.38,238.26,2.29,87.95
2018-03-19,175.3,175.3,1544.93,1100.07,172.56,37.01,11.43,92.89,159.01,235.63,2.33,87.45
2018-03-16,178.02,178.02,1571.68,1134.42,185.09,37.94,11.47,94.6,162.36,234.0,2.32,89.17
2018-03-15,178.65,178.65,1582.32,1150.61,183.86,37.85,11.46,94.18,161.61,234.09,2.26,87.51
2018-03-14,178.44,178.44,1591.0,1148.89,184.19,37.69,11.36,93.85,158.24,231.49,2.42,87.67
2018-03-13,179.97,179.97,1588.18,1139.91,181.88,38.01,11.635,94.41,158.22,229.36,2.55,88.3
2018-03-12,181.72,181.72,1598.39,1165.93,184.76,37.83,11.52,96.77,157.74,227.4,2.44,88.07
2018-03-09,179.98,179.98,1578.89,1160.84,185.23,37.84,11.7,96.54,157.24,228.39,2.56,88.72
2018-03-08,176.94,176.94,1551.86,1129.38,182.34,37.84,11.97,94.43,154.44,230.05,2.43,87.92
2018-03-07,175.03,175.03,1545.0,1115.04,183.71,37.3647723705,12.24,93.86,152.38,230.31,2.42,87.74
2018-03-06,176.67,176.67,1537.64,1100.9,179.78,37.5528833072,11.76,93.32,151.2,232.22,2.46,89.06
2018-03-05,176.82,176.82,1523.61,1094.76,180.4,37.3647723705,11.91,93.64,151.03,232.23,2.55,89.98
2018-03-02,176.21,176.21,1500.25,1084.14,176.62,37.0578545264,11.81,93.05,148.27,230.18,2.73,88.77
2018-03-01,175.0,175.0,1493.45,1071.41,175.94,37.4142752486,11.9,92.85,155.7,230.19,2.47,89.08
2018-02-28,178.12,178.12,1512.45,1103.92,178.32,39.35,12.11,93.77,157.74,231.02,2.42,90.01
2018-02-27,178.39,178.39,1511.98,1117.51,181.46,40.17,12.53,94.2,160.66,234.74,2.57,91.52
2018-02-26,178.97,178.97,1521.95,1143.7,184.93,41.54,12.42,95.42,163.58,232.94,2.58,93.12
2018-02-23,175.555,175.555,1500.0,1128.09,183.29,40.91,12.07,94.06,163.06,237.92,2.43,92.89
2018-02-22,172.6,172.6,1484.76,1109.9,178.99,40.91,11.84,91.74,160.66,234.65,2.33,92.77
2018-02-21,171.07,171.07,1482.92,1113.75,177.91,40.56,11.72,91.49,158.64,221.55,2.36,91.52
2018-02-20,171.85,171.85,1468.35,1103.59,176.01,40.77,12.02,92.72,157.16,221.32,2.33,94.11
2018-02-16,172.43,172.43,1448.69,1095.5,177.36,41.09,11.82,92.0,157.79,219.24,2.61,104.78
2018-02-15,172.99,172.99,1461.76,1091.36,179.96,41.85,12.181,92.66,160.78,218.27,2.63,103.23
2018-02-14,167.37,167.37,1451.05,1072.7,179.52,41.81,12.2,90.81,159.99,217.75,2.3,101.7
2018-02-13,164.34,164.34,1414.51,1054.14,173.15,41.4,11.78,89.83,162.4,218.72,2.27,100.98
2018-02-12,162.71,162.71,1386.23,1054.56,176.41,42.0,11.68,89.13,163.9,217.72,2.07,99.55
2018-02-09,155.97,155.97,1338.99,1043.43,175.98,41.46,11.305,88.1,160.8,217.59,2.155,99.37
2018-02-08,155.32,155.32,1350.47,1005.6,171.5499,40.75,11.215,84.89,158.97,216.51,2.12,100.02
2018-02-07,159.54,159.54,1416.78,1055.41,180.18,42.39,11.6,89.61,165.71,216.75,2.26,102.85
2018-02-06,163.03,163.03,1442.84,1084.43,185.31,41.86,11.64,91.33,165.18,216.68,2.28,100.9
2018-02-05,157.49,157.49,1396.62,1068.76,182.65,39.54,11.53,89.05,163.85,216.52,2.225,100.09
2018-02-02,160.37,160.37,1431.0,1119.2,190.28,41.0,12.45,91.78,169.38,216.37,2.345,104.48
2018-02-01,167.78,167.78,1390.0,1181.59,193.09,42.43,13.25,94.26,171.9,216.52,2.49,105.52
2018-01-31,167.43,167.43,1451.65,1182.22,186.89,42.41,13.735,95.01,171.14,214.57,2.57,106.6
2018-01-30,166.97,166.97,1437.82,1177.37,187.12,42.7,12.865,92.74,172.48,212.76,2.66,107.73
2018-01-29,167.96,167.96,1417.68,1186.48,185.98,43.02,13.32,93.92,177.77,209.9,2.57,109.55
2018-01-26,171.51,171.51,1402.05,1187.56,190.0,43.49,12.95,94.06,178.36,209.55,2.54,108.39
2018-01-25,171.11,171.11,1377.95,1182.14,187.48,43.16,12.41,92.33,175.66,209.48,2.78,106.6
2018-01-24,174.22,174.22,1357.51,1171.29,186.55,44.16,12.71,91.82,176.12,211.03,3.14,105.79
2018-01-23,177.04,177.04,1362.54,1176.17,189.35,43.38,12.94,91.9,176.81,210.73,3.41,105.9
2018-01-22,177.0,177.0,1327.31,1164.16,185.37,43.29,12.64,91.61,176.21,210.76,3.45,105.45
2018-01-19,178.46,178.46,1294.58,1143.5,181.29,43.15,12.59,90.0,176.12,210.44,3.63,104.59
2018-01-18,179.26,179.26,1293.32,1135.97,179.8,43.86,12.47,90.1,174.57,210.51,3.67,104.3
2018-01-17,179.1,179.1,1295.0,1139.1,177.6,44.03,12.18,90.14,174.98,213.56,3.51,102.7
2018-01-16,176.19,176.19,1304.86,1130.7,178.39,44.19,11.91,88.35,173.68,213.76,3.52,100.69
2018-01-12,177.09,177.09,1305.2,1130.65,179.37,44.07,12.02,89.58,173.57,213.35,3.6,100.87
2018-01-11,175.28,175.28,1276.68,1111.88,187.77,44.19,12.1404,88.08,173.39,211.43,3.32,100.02
2018-01-10,174.29,174.29,1254.33,1110.14,187.84,43.0,11.96,87.82,173.51,209.49,3.29,99.67
2018-01-09,174.33,174.33,1252.7,1112.79,187.87,44.05,11.82,88.22,173.54,209.64,3.13,100.39
2018-01-08,174.35,174.35,1246.87,1114.21,188.28,44.22,12.28,88.28,173.93,209.56,3.42,101.61
2018-01-05,175.0,175.0,1229.14,1110.29,186.85,44.01,11.88,88.19,174.05,205.69,3.48,100.13
2018-01-04,173.03,173.03,1209.59,1095.76,184.33,44.14,12.12,87.11,173.7,204.46,3.58,99.54
2018-01-03,172.23,172.23,1204.2,1091.52,184.67,42.82,11.55,86.35,172.49,202.05,3.76,99.45
2018-01-02,172.26,172.26,1189.01,1073.21,181.42,41.8,10.98,85.95,173.22,200.98,3.78,98.59
2017-12-29,169.23,169.23,1169.47,1053.4,176.46,40.99,10.28,85.54,172.12,203.56,3.58,98.75
2017-12-28,171.08,171.08,1186.1,1055.95,177.92,41.38,10.55,85.72,173.1,204.32,3.6,99.4
2017-12-27,170.6,170.6,1182.26,1060.2,177.62,41.31,10.53,85.71,172.67,203.69,3.72,99.26
2017-12-26,170.57,170.57,1176.76,1065.85,175.99,41.8,10.46,85.4,171.29,202.92,3.77,99.16
2017-12-22,175.01,175.01,1168.36,1068.86,177.2,42.02,10.54,85.51,171.42,202.46,3.76,98.21
2017-12-21,175.01,175.01,1174.76,1070.85,177.45,42.16,10.89,85.5,171.85,202.13,3.78,98.06
2017-12-20,174.35,174.35,1177.62,1073.56,177.89,42.52,10.98,85.52,172.17,202.12,3.8,98.75
2017-12-19,174.54,174.54,1187.38,1079.78,179.51,42.49,10.95,85.83,173.39,202.67,3.86,98.8
2017-12-18,176.42,176.42,1190.58,1085.09,180.82,42.15,10.98,86.38,174.2,204.27569084353,3.92,97.9
2017-12-15,173.87,173.87,1179.14,1072.0,180.18,40.95,10.3,86.85,174.06,203.37093625058,3.83,97.11
2017-12-14,172.22,172.22,1174.26,1057.47,178.39,40.81,10.13,84.69,173.14,202.35681571782,3.87,97.13
2017-12-13,172.27,172.27,1164.13,1051.39,178.3,41.4,10.11,85.35,173.55,204.16632490373,4.01,97.76
2017-12-12,171.7,171.7,1165.08,1048.77,176.96,41.53,9.9,85.58,172.23,206.72151095195,4.0,96.7
2017-12-11,172.67,172.67,1168.92,1051.97,179.04,41.67,10.16,85.23,173.25,205.98577644779,4.25,96.93
2017-12-08,169.37,169.37,1162.0,1049.38,179.0,42.02,9.94,84.16,173.15,206.17468125291,4.29,96.55
2017-12-07,169.452,169.452,1159.79,1044.57,180.14,42.02,10.04,82.49,172.91,204.79269346808,4.42,96.78
2017-12-06,169.01,169.01,1152.35,1032.72,176.06,42.15,10.0,82.78,173.48,205.04125242218,4.14,97.28
2017-12-05,169.64,169.64,1141.57,1019.6,172.83,42.8,9.91,81.59,172.99,205.28981137629,4.08,97.83
2017-12-04,169.8,169.8,1133.95,1011.87,171.47,43.05,10.03,81.08,170.65,205.24009958547,3.93,97.01
2017-12-01,171.05,171.05,1162.35,1025.07,175.1,42.79,10.7201,84.26,172.87,206.24427776006,3.87,97.35
2017-11-30,171.85,171.85,1176.75,1036.17,177.18,43.09,10.89,84.17,171.97,206.45306728151,4.08,97.23
2017-11-29,169.48,169.48,1161.27,1037.38,175.13,43.81,10.825,83.34,170.43,206.42324020702,4.21,97.56
2017-11-28,173.07,173.07,1193.6,1063.29,182.42,44.92,11.17,84.88,171.34,204.22597905271,4.17,96.77
2017-11-27,174.09,174.09,1195.83,1072.01,183.03,44.17,11.55,83.87,168.96,202.00883318207,3.9,96.62
2017-11-24,174.97,174.97,1186.0,1056.52,182.78,44.46,11.38,83.26,169.11,200.01041919105,3.82,96.62
2017-11-22,174.96,174.96,1156.16,1051.92,180.87,44.29,11.37,83.11,169.05,198.56877725723,3.8,96.41
2017-11-21,173.14,173.14,1139.49,1050.3,181.86,44.97,11.4,83.72,168.3,198.89687507665,3.89,96.52
2017-11-20,169.98,169.98,1126.31,1034.66,178.74,44.88,11.34,82.53,166.93,197.88275454389,4.01,97.48
2017-11-17,170.15,170.15,1129.88,1035.89,179.0,43.88,11.38,82.4,166.72,198.24067943781,4.23,97.47
2017-11-16,171.1,171.1,1137.29,1048.47,179.59,43.6,11.25,83.2,168.09,208.78952145012,4.57,99.62
2017-11-15,169.08,169.08,1126.69,1036.41,177.95,42.86,11.07,82.98,167.32,209.94283499718,4.17,89.83
2017-11-14,171.34,171.34,1136.84,1041.64,178.07,43.0,11.12,83.626726618705,168.11,211.22539920037,3.81,91.09
2017-11-13,173.97,173.97,1129.17,1041.2,178.77,43.57,11.09,83.507330935252,167.37,210.87741666462,4.12,90.99
2017-11-10,174.67,174.67,1125.35,1044.15,178.46,42.66,11.26,83.447633093525,165.59,210.09197036964,4.57,90.92
2017-11-09,175.88,175.88,1129.13,1047.72,179.3,42.11,11.12,83.666525179856,167.0,210.45983762172,4.6,90.3
2017-11-07,174.81,174.81,1123.17,1052.39,180.25,41.7,12.05,83.845618705036,170.77,210.5493188452,5.0,88.95
2017-11-06,174.25,174.25,1120.66,1042.68,180.17,42.14,11.93,84.044611510791,170.07,209.87323849003,5.24,88.7
2017-11-03,172.5,172.5,1111.6,1049.99,178.92,42.34,11.12,83.716273381295,168.65,210.08202801148,5.17,89.68
2017-11-02,168.11,168.11,1094.22,1042.97,178.92,42.6,10.85,83.626726618705,168.1,208.45148127254,5.43,88.8
2017-11-01,166.89,166.89,1103.68,1042.6,182.66,43.13,10.8,82.761107913669,166.37,209.27669700017,5.13,87.94
2017-10-31,169.04,169.04,1105.28,1033.04,180.06,42.98,10.985,82.761107913669,166.91,208.38188476539,5.51,87.31
2017-10-30,166.72,166.72,1110.85,1033.13,179.87,43.37,10.89,83.467532374101,166.23,206.82093453359,5.64,86.95
2017-10-27,163.05,163.05,1100.95,1033.67,177.88,44.64,11.84,83.387935251799,165.39,208.55090485418,5.75,88.17
2017-10-26,157.41,157.41,972.43,991.42,170.63,45.25,12.005,78.363366906475,164.01,208.62050136133,6.06,88.62
2017-10-25,156.405,156.405,972.91,991.46,170.6,45.13,12.33,78.234021582734,163.55,206.98995462238,5.76,88.52
2017-10-24,157.1,157.1,975.9,988.49,171.8,46.48,14.25,78.462863309353,163.88,206.6519144448,5.99,87.98
2017-10-23,156.17,156.17,966.3,985.54,171.27,45.15,14.1,78.433014388489,163.34,209.40594765631,6.56,88.65
2017-10-20,156.16,156.16,982.91,1005.07,174.98,45.61,13.81,78.413115107914,166.3,208.57078957051,6.55,87.44
2017-10-19,155.98,155.98,986.61,1001.84,174.56,45.35,13.95,77.517647482014,166.5,211.384476931,6.06,86.4
2017-10-18,159.76,159.76,997.0,1012.74,176.03,45.12,14.07,77.219158273381,165.77,211.67280531777,6.05,86.22
2017-10-17,160.47,160.47,1009.13,1011.0,176.11,45.02,14.16,77.199258992806,165.4,210.99672496259,5.79,85.98
2017-10-16,159.88,159.88,1006.34,1009.35,174.52,45.76,14.26,77.258956834532,165.01,211.63303588511,5.99,85.74
2017-10-13,156.99,156.99,1002.94,1007.87,173.74,45.88,14.22,77.099762589928,165.37,212.13015379332,6.77,86.62
2017-10-12,156.0,156.0,1000.93,1005.65,172.55,44.89,14.2,76.731625899281,163.91,212.13015379332,6.2,86.1
2017-10-11,156.55,156.55,995.0,1005.65,172.74,45.47,13.88,76.035151079137,163.15,212.01084549535,6.24,85.73
2017-10-10,155.9,155.9,987.2,987.8,171.59,45.21,13.7,75.905805755396,160.58,210.07208565331,6.7,84.13
2017-10-09,155.84,155.84,990.99,992.31,172.5,45.33,13.47,75.905805755396,160.12,208.79946380829,7.08,80.53
2017-10-06,155.3,155.3,989.58,993.64,172.23,44.93,13.23,75.61726618705,159.6,207.9046515735,7.11,79.0
2017-10-05,155.39,155.39,980.85,985.19,171.24,43.85,13.34,75.587417266187,158.8,206.19456596924,7.29,79.41
2017-10-04,153.4508,153.4508,965.45,966.78,168.42,43.78,13.31,74.313863309353,157.21,205.73721749368,7.19,79.09
2017-10-03,154.48,154.48,957.1,972.08,169.96,43.45,13.42,73.886028776978,156.86,204.75292403542,7.08,79.22
2017-10-02,153.81,153.81,959.19,967.47,169.47,42.15,12.71,74.23426618705,156.96,203.82828472614,7.08,78.45
2017-09-29,154.12,154.12,961.35,973.72,170.81,40.38,12.75,74.114870503597,156.68,204.22597905271,7.3,78.14
2017-09-28,153.28,153.28,956.4,964.81,168.73,40.58,12.74,73.497992805755,157.49,205.03131006402,7.59,78.95
2017-09-27,154.23,154.23,950.87,959.9,167.68,40.58,12.74,73.47809352518,154.05,205.50854325591,7.28,79.29
2017-09-26,153.14,153.14,938.6,937.43,164.21,40.26,12.45,72.891064748201,153.35,203.1720890873,7.16,79.39
2017-09-25,150.55,150.55,939.79,934.28,162.87,40.3,12.61,72.891064748201,156.26,203.29139738527,7.14,79.15
2017-09-22,151.89,151.89,955.1,943.26,170.54,39.42,13.3,74.035273381295,158.91,201.27309867792,7.11,79.53
2017-09-21,153.39,153.39,964.65,947.55,171.11,39.1,13.41,73.83628057554,159.03,199.51330128284,7.05,80.01
2017-09-20,156.07,156.07,973.21,947.54,172.17,38.88,13.76,74.562604316547,159.88,198.38981481027,7.21,80.5
2017-09-19,158.73,158.73,969.86,936.86,172.52,38.7,13.12,75.060086330935,157.43,196.35163138659,7.26,80.05
2017-09-18,158.67,158.67,974.19,929.75,170.01,38.59,13.08,74.781496402878,156.68,196.59024798254,7.52,80.0
2017-09-15,159.88,159.88,986.79,935.29,171.58,38.88,12.52,74.930741007194,156.92,197.36575191935,7.65,80.38
2017-09-14,158.28,158.28,992.21,940.13,170.96,38.79,12.26,74.393460431655,157.0,194.67137285683,7.58,79.68
2017-09-13,159.65,159.65,999.6,950.44,173.05,38.21,12.22,74.831244604317,157.0,194.11460079963,7.69,79.86
2017-09-12,160.82,160.82,982.58,946.65,172.96,37.89,12.3,74.303913669065,156.33,193.71690647306,7.62,79.61
2017-09-11,161.5,161.5,977.96,943.29,173.51,37.35,12.55,74.383510791367,161.53,195.58968936093,7.52,79.08
2017-09-08,158.63,158.63,965.9,941.41,170.95,37.0,12.25,73.607438848921,159.71,195.31297210045,7.63,78.88
2017-09-07,161.26,161.26,979.47,949.89,173.21,36.91,12.63,73.965625899281,159.9,194.26539961436,7.89,80.12
2017-09-06,161.91,161.91,967.8,942.02,172.09,37.286127648163,12.85,73.03035971223,158.22,194.44328928181,7.73,80.08
2017-09-05,162.08,162.08,965.27,941.48,170.72,36.850611423974,12.92,73.239302158273,159.1,194.33457892948,7.54,79.8
2017-09-01,164.05,164.05,978.25,951.99,172.02,36.97928667203,13.19,73.56764028777,159.81,195.63910315744,7.85,78.37
2017-08-31,164.0,164.0,980.6,955.24,172.0,36.167642799678,13.0,74.393460431655,159.97,196.32101354933,8.21,78.07
2017-08-30,163.35,163.35,967.59,943.63,169.92,35.454979887369,12.67,73.637287769784,159.53,197.06222049704,8.29,78.54
2017-08-29,162.91,162.91,954.06,935.75,168.05,35.158037007241,12.15,72.682122302158,158.44638499408,197.17093084937,8.46,78.77
2017-08-28,161.47,161.47,946.02,928.13,167.24,35.148138911236,12.23,72.463230215827,158.73468623419,195.31297210045,8.62,78.03
2017-08-25,159.86,159.86,945.26,930.5,166.32,35.237221775275,12.425,72.45328057554,157.88966535801,194.22586857715,8.52,78.63
2017-08-24,159.27,159.27,952.45,936.89,167.74,35.158037007241,12.505,72.323935251799,157.48206705303,192.52603397707,8.55,78.34
2017-08-23,159.98,159.98,958.0,942.58,168.71,35.128342719228,12.48,72.353784172662,157.87972393594,193.53407542595,8.57,79.96
2017-08-22,159.78,159.78,966.9,940.4,169.64,34.940278895146,12.175,72.791568345324,158.70486196797,193.81079268643,9.03,80.02
2017-08-21,157.21,157.21,953.29,920.87,167.78,34.554253150979,12.05,71.786654676259,157.43235994267,192.71380640383,8.55,79.71
2017-08-18,157.5,157.5,958.47,926.18,167.41,34.475068382944,12.376,72.124942446043,156.83587461831,192.84228227476,8.65,79.31
2017-08-17,157.87,157.87,960.57,927.66,166.91,34.643336015017,12.34,72.035395683453,156.96511310525,191.95283393751,8.2,79.7
2017-08-16,160.95,160.95,978.18,944.27,170.0,35.385693215339,12.63,73.279100719424,157.96919673459,189.25484064786,8.55,80.98
2017-08-15,161.6,161.6,982.74,938.08,171.0,35.177833199249,13.02,72.85126618705,156.69669470929,188.91882683157,8.63,80.77
2017-08-14,159.85,159.85,983.3,938.93,170.75,35.108546527219,12.76,72.831472336707,156.33880351468,187.6044198443,8.61,80.7
2017-08-11,157.48,157.48,967.99,930.09,168.08,34.574049342987,12.23,71.752707493019,156.37856920297,187.98984745711,8.88,80.4
2017-08-10,155.27,155.27,956.92,923.59,167.4,34.524558862966,12.12,70.673942649331,155.70255250203,188.12820608734,8.75,80.66
2017-08-09,160.40914817191,160.40914817191,982.01,940.08,171.18,34.920482703138,12.83,71.723016717505,154.01251074967,186.43825424657,9.35,81.61
2017-08-08,159.43310840282,159.43310840282,989.84,944.19,171.23,35.029361759185,13.11,72.039718322991,154.01251074967,187.47594397336,8.87,81.083291524598
2017-08-04,155.75801988454,155.75801988454,987.58,945.75,171.98,34.940278895146,13.43,71.653738241305,154.06221786004,187.84160606756,8.59,80.775216755967
2017-08-03,154.94133354715,154.94133354715,986.92,945.79,169.62,34.910584607133,13.12,71.930852146105,152.91895432168,187.48582673267,8.33,79.980185094983
2017-08-02,156.50498909557,156.50498909557,995.89,940.3,168.59,34.415679806919,13.24,71.406315112019,153.81368230822,187.76254399314,8.67,80.367763029713
2017-08-01,149.44364015394,149.44364015394,996.19,947.64,169.25,34.46517028694,13.37,71.515181288904,155.67272823581,187.66371640011,8.14,80.029874573794
2017-07-31,148.24848941629,148.24848941629,987.78,946.56,169.86,34.405781710914,13.71,71.831882894391,153.13766560728,188.00961297571,8.48,80.000060886508
2017-07-28,148.89586273252,148.89586273252,1020.04,945.5,169.25,35.613349423438,13.61,71.970439846791,154.23122203527,187.9601991792,8.72,79.49322820263
2017-07-27,149.95157921745,149.95157921745,1046.0,958.33,172.45,35.405489407348,13.95,72.287141452278,154.93706300243,188.48398542224,9.21,79.314346078909
2017-07-26,152.83986016677,152.83986016677,1052.8,952.51,170.44,35.573757039421,14.12,72.405904554335,156.03061943042,189.08683373971,9.3,79.284532391622
2017-07-25,152.12276972418,152.12276972418,1039.87,965.31,165.61,35.257017967283,14.76,73.286730894594,155.59319685923,189.0374199432,8.76,78.40999756454
2017-07-24,151.47539640795,151.47539640795,1038.95,969.03,165.28,35.207527487262,14.11,73.425287846995,158.13820090983,188.44445438503,8.81,78.032357525572
2017-07-21,149.66275112251,149.66275112251,1025.67,998.31,166.0,35.454979887369,14.16,72.841369261879,150.96049417337,188.75081992342,8.4,76.412480516318
2017-07-20,149.73246824888,149.73246824888,1028.7,993.84,164.43,35.702432287477,13.88,73.029410840136,153.01836854241,188.19738540246,8.83,75.677076229907
2017-07-19,150.40972033355,150.40972033355,1026.87,992.19,164.53,36.038967551622,13.8,73.474772472852,153.30666978251,189.26472340716,9.6,75.547883584998
2017-07-18,149.47351892239,149.47351892239,1024.38,992.77,164.14,36.098356127648,13.55,73.098689316337,152.98854427619,189.88733724324,8.68,75.398815148563
2017-07-17,148.9556202694,148.9556202694,1010.04,986.95,162.86,36.058763743631,13.48,72.544461506735,153.0581342307,189.96639931766,9.01,75.726765708719
2017-07-14,148.43772161642,148.43772161642,1001.81,975.96,159.73,36.00927326361,13.8,72.593946132593,154.35051910014,189.87745448393,9.04,75.895709936678
2017-07-13,147.17285375241,147.17285375241,999.855,976.91,159.97,35.979578975597,13.92,72.02982139782,154.37040194429,190.74713730258,8.06,75.865896249391
2017-07-12,145.15105708788,145.15105708788,1006.51,968.7175,159.26,35.494572271386,13.53,71.030231955503,154.13180781454,190.1047579479,8.19,74.583907696055
2017-07-11,144.94190570879,144.94190570879,994.13,967.66,158.9,35.138240815232,14.29,70.416622594873,155.66278681373,188.07879229083,7.64,73.480801266439
2017-07-10,144.47380500321,144.47380500321,996.47,953.53,155.27,35.039259855189,13.89,69.268579274985,154.0025693276,188.95835786878,7.6,73.013720165611
2017-07-07,143.59736112893,143.59736112893,978.76,951.0,153.5,34.831399839099,13.81,69.258682349814,154.60899607403,188.09855780944,7.46,72.775210667316
2017-07-06,142.15322065427,142.15322065427,965.14,940.81,151.44,34.583947438992,13.36,68.744042240898,155.35460272948,189.27460616646,7.78,74.862168777399
2017-07-05,143.5077248236,143.5077248236,971.4,927.69,148.82,34.514660766962,13.02,67.863215900639,152.19323051038,188.96824062808,7.93,75.001299318071
2017-07-03,142.92010904426,142.92010904426,953.66,932.26,150.34,34.653234111022,13.19,68.367959084383,152.17334766623,187.67359915942,8.69,74.852230881637
2017-06-30,143.43800769724,143.43800769724,968.0,919.46,148.43,35.207527487262,12.15,67.467338893781,151.60668660809,187.28817154661,9.19,74.891982464686
2017-06-29,143.09938165491,143.09938165491,975.93,929.68,150.98,34.574049342987,12.48,68.219505206811,152.26282046488,186.87309565589,8.86,75.209995129079
2017-06-28,145.2406933932,145.2406933932,990.33,937.82,151.04,34.504762670957,12.6,67.784040499267,152.23299619867,186.68532322914,8.5,75.458442523137
2017-06-27,143.15913919179,143.15913919179,976.78,961.01,153.24,34.227615982837,13.23,69.080537696728,153.39614258117,187.09051636055,8.01,76.03484047735
2017-06-26,145.23073380372,145.23073380372,993.98,948.09,150.58,33.861386430678,13.395,68.496619111612,152.81954010095,187.66371640011,7.72,75.537945689235
2017-06-23,145.75859204618,145.75859204618,1003.74,972.09,153.59,34.168227406811,14.08,69.803013234243,153.0581342307,187.63406812221,7.36,75.031113005358
2017-06-22,145.04150160359,145.04150160359,1001.3,986.09,155.07,33.851488334674,14.15,70.476004145902,153.73415093164,184.16521960694,6.95,74.375211885046
2017-06-21,145.28053175112,145.28053175112,1002.23,976.62,153.4,33.84159023867,14.3708,69.535796254614,153.8932136848,184.71865412789,6.82,75.050988796883
2017-06-20,144.4240070558,144.4240070558,992.59,978.59,153.91,33.782201662644,13.98,69.545693179786,152.82948152303,185.21279209303,6.43,75.766517291768
2017-06-19,145.7486324567,145.7486324567,995.17,968.99,152.25,34.04945025476,12.64,69.189403873614,153.1674898735,184.99537138837,6.8,75.070864588407
2017-06-16,141.69507953817,141.69507953817,987.71,975.22,152.87,33.999959774739,11.93,70.139508690073,152.24293762074,183.85885406855,6.37,75.031113005358
2017-06-15,143.70691661321,143.70691661321,964.17,958.62,150.64,33.940571198713,11.44,69.278476200157,151.09967408238,181.22015733472,6.67,74.772727715538
2017-06-14,144.57340089801,144.57340089801,976.47,960.18,149.8,34.247412174846,11.5,69.179506948442,150.28447747242,180.805081444,6.86,78.419935460302
2017-06-13,145.99762219371,145.99762219371,980.79,967.93,150.25,34.25731027085,11.76,69.545693179786,149.79734779086,181.25968837193,7.02,79.40378714077
2017-06-12,144.7327543297,144.7327543297,964.83,970.5,150.68,34.158329310807,11.96,69.921776336301,148.94238549262,179.56973653115,6.85,79.026147101802
2017-06-09,148.37796407954,148.37796407954,978.31,961.81,148.44,34.32659694288,12.085,69.060743846385,147.60029351281,178.31778074673,7.03,78.747886020458
2017-06-08,154.36367735728,154.36367735728,1009.94,970.12,149.63,33.990061678734,12.28,69.595177805643,150.59266155668,177.74826360557,7.06,78.926768144179
2017-06-07,154.74214175754,154.74214175754,1010.07,1004.28,154.71,33.762405470636,12.9,71.203428146004,150.54295444631,175.7647728726,6.9,78.439811251827
2017-06-06,153.82585952534,153.82585952534,1002.97,1001.59,153.12,33.990061678734,12.38,71.643841316133,151.04996697202,174.95959346614,7.02,78.658444958597
2017-06-05,153.30796087235,153.30796087235,1011.34,996.68,152.81,33.706158513791,12.02,71.772501343362,150.34412600486,173.86965548911,6.61,78.439811251827
2017-06-02,154.82181847338,154.82181847338,1006.73,1003.88,153.63,33.735527806716,11.24,71.534975139247,151.8949878482,172.58333229099,6.78,79.761551388212
2017-06-01,152.56099166132,152.56099166132,995.95,996.12,153.61,33.725738042408,10.9,71.020335030332,152.8394229451,171.93526106141,7.2,79.125526059425
2017-05-31,152.14268890314,152.14268890314,994.62,988.29,151.53,33.706158513791,10.93,69.377445451871,151.49733096529,171.87634549508,7.55,79.314346078909
2017-05-30,153.04901154586,153.04901154586,996.7,987.09,151.46,33.216670298371,11.1801,69.120125397413,149.08649494132,171.03188904441,7.39,78.111860691671
2017-05-26,152.98925400898,152.98925400898,995.78,996.17,152.38,32.825079726036,11.12,69.684250132186,148.13796929254,172.00399588879,7.39,77.664655382367
2017-05-25,153.24820333547,153.24820333547,993.38,993.27,152.13,32.37475056785,11.0,69.248785424642,148.06880596399,171.66032175189,7.78,77.644779590843
2017-05-24,152.72034509301,152.72034509301,980.35,991.86,151.96,31.914631645355,10.98,68.902393043641,147.98976215992,172.24947741515,8.48,77.823661714564
2017-05-23,153.17848620911,153.17848620911,971.54,977.61,150.04,32.502017503859,10.89,68.061154404068,147.7131088457,174.27224519234,7.47,77.664655382367
2017-05-22,153.36771840924,153.36771840924,970.7,970.55,148.07,32.521597032476,10.89,67.972082077525,146.05318896034,173.62417396275,7.78,78.002543838285
2017-05-19,152.34188069275,152.34188069275,959.84,964.07,148.24,32.227904103224,11.035,67.744452798582,146.41876655414,173.53580061327,7.85,78.062171212859
2017-05-18,151.92357793457,151.92357793457,958.49,954.65,148.06,32.032108817056,11.4,66.992286485551,146.37924465211,172.78953677314,7.84,78.28080491963
2017-05-17,149.64283194355,149.64283194355,944.52,950.5,147.66,31.787364709346,11.28,67.012080335894,145.25287044419,175.28362908094,7.72,77.058443740867
2017-05-16,154.84173765234,154.84173765234,966.07,942.17,144.85,31.738415887804,11.2,66.784451056951,144.6600419137,175.26399055883,7.96,74.653472966391
2017-05-15,155.07080821039,155.07080821039,957.97,964.61,149.78,32.717392318643,12.75,68.694557615041,145.52952375841,175.45055651886,8.32,74.643535070628
2017-05-12,155.46919178961,155.46919178961,961.35,959.22,150.19,33.108982890979,11.42,67.34625469337,144.5315957321,175.26399055883,8.31,75.81620677058
2017-05-11,153.32788005131,153.32788005131,947.62,955.14,150.33,32.913187604811,11.26,67.297046557543,143.62259198535,174.05622144914,9.49,75.239808816366
2017-05-10,152.01857223874,152.01857223874,948.95,955.89,150.04,33.392886055922,11.07,67.375779574867,142.48633730193,174.18387184285,10.16,75.657200438383
2017-05-09,152.71290213935,152.71290213935,952.82,954.84,150.29,33.510363227623,10.79,68.212317883933,142.79263204268,174.23296814812,11.24,76.223660496834
2017-05-08,151.76067827566,151.76067827566,949.04,956.71,150.48,33.539732520548,10.18,67.946593950465,142.63454443455,174.67483489557,10.52,75.739920131034
2017-05-05,147.75340284929,147.75340284929,934.15,958.69,151.06,33.255829355605,10.04,67.84817767881,142.51597872845,173.38851169745,10.55,75.147584989237
2017-05-04,145.34308619433,145.34308619433,937.53,950.28,150.24,33.060034069437,10.19,67.907227441803,142.23932541422,174.0660407102,10.76,75.522730579041
2017-05-03,145.86879311907,145.86879311907,941.03,954.72,150.85,32.453068682317,10.1,67.720236525659,141.73542116331,175.00868977142,10.38,75.364774541229
2017-05-02,146.31514805518,146.31514805518,946.68,948.45,151.8,32.776130904494,10.39,67.985960459127,140.91534169614,174.49808819659,10.43,74.792183904159
2017-05-01,145.41251918439,145.41251918439,948.43,937.09,152.78,32.502017503859,10.3,68.202476256767,139.54195560052,175.0970631209,10.71,74.555249847441
2017-04-28,142.48641460326,142.48641460326,924.99,932.82,152.46,33.480993934698,13.615,68.310734155587,139.46291179646,174.83194307244,10.22,74.268954528906
2017-04-27,142.62528058338,142.62528058338,918.76,924.52,150.25,33.911743564267,13.3,67.375779574867,138.25749378447,,10.22,74.219593267089
2017-04-26,142.48720812314,142.48720812314,909.29,891.44,147.7,33.813845921183,13.63,67.188788658723,139.18625848223,,10.46,74.476271828534
2017-04-25,143.36920547689,143.36920547689,907.62,889.14,146.56,33.657209692249,13.41,66.755757063442,139.15661705571,,10.83,74.466399576171
2017-04-24,142.47649560468,142.47649560468,907.41,888.84,146.49,33.275408884222,13.49,66.844331707931,140.0063379494,,11.28,74.091253986367
2017-04-21,141.1175927992,141.1175927992,898.53,878.93,145.47,33.197090769755,13.13,66.460508248477,132.62562274487,,12.45,73.824703172558
2017-04-20,141.28621577506,141.28621577506,902.06,858.95,143.68,33.04045454082,13.0,65.348404378778,131.81542375321,,13.39,73.982659210371
2017-04-19,139.54047202496,139.54047202496,899.2,860.08,143.8,33.383096291614,13.11,64.462657933885,131.67709709609,,13.64,73.844447677285
2017-04-18,140.05625995113,140.05625995113,903.78,856.51,142.27,33.079613598054,12.84,64.009943084273,131.05462713909,,13.96,73.123773254766
2017-04-17,140.68115686168,140.68115686168,901.99,853.99,140.96,32.98171595497,12.95,64.354400035065,130.71869097181,,13.99,72.946072712227
2017-04-13,139.90747497243,139.90747497243,884.67,855.13,141.42,33.187301005446,12.79,64.442974679554,129.78004579854,,13.47,72.551182617696
2017-04-12,140.65139986594,140.65139986594,896.23,840.18,139.39,32.688023025718,12.31,63.921368439784,129.19709774357,,13.04,72.215526037345
2017-04-11,140.48277689007,140.48277689007,902.36,841.46,139.58,33.22646006268,12.76,64.196934000417,129.69112151897,,13.35,72.50182135588
2017-04-10,142.01030267141,142.01030267141,907.04,839.88,139.92,33.206880534063,13.1,64.442974679554,129.63183866592,,13.24,72.491949103517
2017-04-07,142.17892564727,142.17892564727,894.88,841.7,141.04,33.255829355605,13.1,64.492182815382,128.42642065394,,11.92,72.126675766075
2017-04-06,142.49633360184,142.49633360184,898.28,842.1,140.78,33.001295483587,13.52,64.639807222864,128.40665970292,,11.34,71.968719728263
2017-04-05,142.85341755072,142.85341755072,909.28,845.095,141.17,33.441834877464,13.27,64.689015358691,128.59438873758,,11.65,70.517498630862
2017-04-04,143.59734244423,143.59734244423,906.83,848.91,141.85,33.28519864853,14.17,64.521707696878,128.85128110079,,11.39,70.734688182854
2017-04-03,142.53600959616,142.53600959616,891.51,852.57,141.73,33.549522284857,14.16,64.689015358691,127.74466784388,,11.36,71.090089267932
2017-03-31,142.49633360184,142.49633360184,886.54,856.75,142.28,33.451624641773,14.64,64.511866069713,128.06084306014,,11.76,70.912388725393
2017-03-30,142.7641465635,142.7641465635,876.34,847.8,142.05,34.616606594471,14.55,64.816956511842,128.06084306014,,11.49,71.159195034475
2017-03-29,142.95260753652,142.95260753652,874.32,849.48,142.41,34.665555416013,14.05,64.66933210436,127.77430927041,,11.75,70.675454668674
2017-03-28,142.63519958196,142.63519958196,856.0,849.87,142.65,34.792822352022,13.71,64.433133052389,127.30004644602,,11.5,69.836313217796
2017-03-27,139.73885199657,139.73885199657,846.82,840.63,141.76,34.812401880639,13.69,64.25598376341,127.90275545201,,11.3,69.421678618539
2017-03-24,139.50079603064,139.50079603064,845.61,838.51,140.32,33.980271914426,13.7,64.068992847266,127.94227735404,,9.43,68.770109962562
2017-03-23,139.77852799089,139.77852799089,847.38,835.14,140.34,33.8334254498,13.7,63.95089332128,127.79407022142,,8.5,68.720748700746
2017-03-22,140.27447791989,140.27447791989,848.06,839.65,139.53,33.539732520548,13.79,63.84263542246,127.45813405415,,8.19,68.967555009828
2017-03-21,138.70727614424,138.70727614424,843.2,849.8,139.59,33.666999456557,14.1,64.000101457108,127.55693880923,,7.98,69.352572851996
2017-03-20,140.31415391421,140.31415391421,856.97,850.14,138.51,33.823635685492,13.82,63.193088029538,126.98387122976,,9.1,69.007044019281
2017-03-17,138.85606112294,138.85606112294,852.31,867.91,139.94,34.959248345265,14.4,63.901685185453,127.24076359297,,9.18,69.086022038187
2017-03-16,139.55039102354,139.55039102354,853.42,872.37,139.84,35.566213732385,13.49,63.84263542246,127.10243693586,,9.05,68.997171766918
2017-03-15,139.3222540562,139.3222540562,852.97,870.0,139.99,36.300446055515,13.65,63.616277997654,126.45032555232,,8.96,69.540145646898
2017-03-14,137.86416126493,137.86416126493,852.53,868.39,139.72,36.310235819823,13.98,63.724535896474,126.35152079724,,8.76,69.678357179984
2017-03-13,138.07246023511,138.07246023511,854.59,865.91,139.32,36.182968883814,14.1,63.389920572848,126.27247699318,,8.8,69.816568713069
2017-03-10,138.01294624363,138.01294624363,852.46,864.58,139.6,36.094861005038,14.28,63.685169387812,126.08474795852,,9.22,69.056405281097
2017-03-09,137.55667230894,137.55667230894,853.0,861.405,138.79,36.055701947805,13.91,63.901685185453,126.45032555232,,9.23,69.204489066547
2017-03-08,137.87408026351,137.87408026351,850.5,857.84,138.24,36.055701947805,13.33,63.704852642143,126.60841316045,,8.01,68.967555009828
2017-03-07,138.38986818967,138.38986818967,846.02,853.64,137.72,36.486451577374,13.22,63.960734948446,126.55901078291,,7.49,68.908321495648
2017-03-06,138.21132621523,138.21132621523,846.61,851.15,137.3,36.360469141649,13.05,63.380078945682,126.5392498319,,7.43,68.477093200127
2017-03-03,138.64776215275,138.64776215275,849.88,847.27,137.42,36.738416448825,13.04,63.252137792531,126.49972792986,,7.52,68.486893843207
2017-03-02,137.83440426919,137.83440426919,848.91,849.08,137.17,37.048527059841,13.03,63.2324545382,126.37128174826,,7.62,68.633903489408
2017-03-01,138.65768115133,138.65768115133,853.08,849.85,136.76,36.593052099911,13.9,62.996255486229,126.69733744003,,7.77,69.349350434249
2017-02-28,135.8803615489,135.8803615489,845.04,856.75,137.42,36.2732505323,14.96,63.911526812618,127.50753643169,,7.66,69.045530498769
2017-02-27,135.82084755742,135.82084755742,848.64,844.93,135.54,35.701484093239,14.46,62.966730604732,126.12426986056,,7.84,69.51596136661
2017-02-24,135.55303459576,135.55303459576,845.24,849.67,136.41,36.118195226792,15.2,63.212771283869,125.47215847702,,8.04,70.309813456092
2017-02-23,135.42408761422,135.42408761422,852.19,847.81,135.44,35.759629832805,14.12,63.596594743323,126.17832555358,,7.74,70.946855256293
2017-02-22,135.99938953187,135.99938953187,855.61,851.0,135.36,36.098813313604,14.32,63.596594743323,125.80562626317,,7.91,69.888385803651
2017-02-21,135.59271059008,135.59271059008,856.44,851.36,136.12,36.670579752665,14.28,63.340712437021,125.39369546852,,8.33,70.280411526852
2017-02-17,134.62064872923,134.62064872923,845.07,849.27,133.72,36.641506882882,14.0,63.468653590172,125.58004511372,,8.06,70.025594806771
2017-02-16,134.24868628248,134.24868628248,844.14,846.55,133.53,36.069740443821,13.13,63.596594743323,125.3446560882,,7.54,67.987061046126
2017-02-15,134.41234975905,134.41234975905,842.7,842.17,133.84,35.88561226853,12.97,63.498178471668,124.26578972125,,7.39,67.497028892125
2017-02-14,133.92631882862,133.92631882862,836.39,837.32,133.44,35.934067051501,13.3,63.508020098834,124.05001644785,,7.58,67.320617316684
2017-02-13,132.21033207426,132.21033207426,836.53,840.03,133.85,36.08912235701,13.26,63.547386607496,123.39288875162,,7.1,67.291215387444
2017-02-10,131.04980924039,131.04980924039,827.46,838.96,134.05,34.422277822797,13.49,63.312605622493,123.12807609791,,6.4,66.418958153322
2017-02-09,131.34737919779,131.34737919779,821.36,834.85,134.19,34.083094341999,13.58,62.608262667483,123.40269662768,,6.96,66.663974230323
2017-02-08,130.40911308577,130.40911308577,819.71,830.06,134.14,33.99587573265,13.42,62.666957913734,122.08844123521,,5.54,67.702842396805
2017-02-07,129.9054123309,129.9054123309,812.5,829.88,134.2,34.054021472216,13.56,61.962614958725,122.27479088041,,5.73,66.458160725642
2017-02-06,128.68072814257,128.68072814257,807.64,829.23,131.84,34.015257645839,13.29,62.050657828101,122.1963278719,,5.66,65.55650156228
2017-02-03,127.48567341042,127.48567341042,810.2,821.62,132.06,35.691793136645,13.63,62.256091189979,122.05901760702,,6.52,65.076270051359
2017-02-02,126.94246671398,126.94246671398,839.95,820.13,130.98,35.207245306932,12.24,62.295221354146,121.85305220969,,6.88,65.174276482159
2017-02-01,127.15974939256,127.15974939256,832.35,818.26,130.84,34.625787911277,12.28,61.796311761014,120.85264885124,,6.6,65.37028934376
2017-01-31,119.85115020417,119.85115020417,823.48,815.24,133.23,35.023117131641,12.06,62.197395943728,120.06801876618,,6.65,64.909659118999
2017-01-30,120.12769179508,120.12769179508,830.38,820.19,130.32,35.478592091571,10.37,63.2441278352,120.21513690713,,6.98,65.40949191608
2017-01-27,120.44373932755,120.44373932755,835.77,823.83,130.98,35.207245306932,10.61,63.713689805206,120.65649132997,,6.86,65.095871337519
2017-01-26,120.43386284216,120.43386284216,839.15,845.03,132.18,35.866230355342,10.67,64.349554972923,120.49956531296,,7.42,64.351022463437
2017-01-25,120.37460392982,120.37460392982,836.52,856.98,132.78,36.360469141649,10.52,62.872391275612,119.53839345876,,7.96,65.399691273
2017-01-24,118.48819522039,118.48819522039,822.44,858.45,131.48,37.096981842812,10.35,62.295221354146,119.4501225742,,8.77,65.55650156228
2017-01-23,118.59683655968,118.59683655968,817.88,849.53,129.37,35.856539398747,10.44,62.138700697477,118.72433974552,,9.43,66.056334359361
2017-01-20,118.51782467656,118.51782467656,808.33,844.43,128.93,35.517355917948,9.91,61.590878399137,119.0479996556,,9.33,65.32128612836
2017-01-19,118.30054199798,118.30054199798,809.04,828.17,127.04,35.866230355342,9.75,61.375662496217,119.91109274917,,9.33,65.840720211601
2017-01-18,118.50794819117,118.50794819117,807.48,824.37,127.55,36.147268096575,9.77,60.945230690378,119.83262974066,,8.94,66.271948507122
2017-01-17,118.51782467656,118.51782467656,809.72,829.02,127.92,36.312014358677,9.88,61.140881511214,120.35244717201,,8.87,66.752180018043
2017-01-13,117.56968207915,117.56968207915,817.14,827.46,127.87,36.156959053169,9.82,61.17022913434,120.39167867627,,8.92,67.055999953524
2017-01-12,117.77708827233,117.77708827233,813.64,830.94,128.34,36.186031922952,10.58,61.33653233205,119.16569416836,,8.74,65.791716996201
2017-01-11,118.27091254181,118.27091254181,799.02,829.53,126.62,36.350778185054,10.76,61.248489462674,119.75416673216,,8.81,66.614971014923
2017-01-10,117.63881747687,117.63881747687,795.9,829.86,126.09,36.777180275202,11.2,61.815876843098,118.55760585244,,9.11,67.163807027404
2017-01-09,117.5202996522,117.5202996522,796.92,826.01,124.35,36.195722879546,11.44,61.258272003716,117.93970966046,,9.14,66.869787735003
2017-01-06,116.45363923011,116.45363923011,795.99,827.18,124.9,34.897134695916,11.49,61.277837085799,118.11625142959,,9.1,67.340218602844
2017-01-05,115.16969612944,115.16969612944,780.45,825.21,123.41,34.877752782727,11.32,61.473487906635,118.43991133968,,9.56,66.899189664243
2017-01-04,114.58698349145,114.58698349145,757.18,813.02,120.67,35.265391046498,11.24,60.945230690378,117.40027647698,,10.39,67.830250756846
2017-01-03,114.71537780152,114.71537780152,753.67,807.77,118.69,35.943758008096,11.43,60.945230690378,117.18450320359,,10.36,67.683241110645
,,,,808.01,116.86,34.06371242881,11.43,61.219141839549,117.32181346847,,9.72,67.291215387444
